seed,scenario,n_players,game_length,terminated_by_cap,n_winners,winner_ids,gini_final,hhi_final,n_bankruptcies,first_bankruptcy_turn,social_mobility,capital_formation,wealth_min,wealth_max,wealth_mean,wealth_sd,rent_burden_mean
281643,Baseline,4,200,TRUE,2,"3,4",0.559915735841662,0.501133786848073,2,149,11,85,0,3163,1275.75,1555.42242386648,0.00845925925925926
281644,Baseline,4,148,FALSE,1,2,0.75,1,3,88,13,60,0,1712,428,856,0.0130687830687831
281645,Baseline,4,200,TRUE,2,"3,4",0.511831048208757,0.5,2,161,16,99,0,1184,565.25,654.154607107525,0.0104014336917563
281646,Baseline,4,174,FALSE,1,3,0.75,1,3,108,8,84,0,1776,444,888,0.00801990049751244
281647,Baseline,4,200,TRUE,2,"3,4",0.504523026315789,0.52,2,64,8,125,0,1238,608,702.287690337799,0.015
281648,Baseline,4,200,TRUE,3,"2,3,4",0.317580567580568,0.367768595041322,1,188,12,57,0,2574,1559.25,1099.91192829244,0.0130208333333333
281649,Baseline,4,194,FALSE,1,4,0.713164017060876,1,4,146,6,97,0,2389,644.75,1166.27766133684,0.012426116838488
281650,Baseline,4,200,TRUE,3,"2,3,4",0.2880058126537,0.352537722908093,1,96,9,74,0,1675,1118.25,758.570310957835,0.00825203252032521
281651,Baseline,4,177,FALSE,1,2,0.75,1,3,143,9,92,0,3859,964.75,1929.5,0.00654285714285714
281652,Baseline,4,131,FALSE,1,2,0.725049900199601,1,3,63,10,85,0,3808,1002,1873.04102108487,0.0116589147286822
281653,Baseline,4,98,FALSE,1,2,0.75,1,3,66,10,41,0,2480,620,1240,0.00673873873873874
281654,Baseline,4,181,FALSE,1,4,0.728814466081746,1,3,94,4,103,0,4475,1168.25,2206.47507350525,0.0121538461538462
281655,Baseline,4,200,TRUE,3,"1,3,4",0.346389358108108,0.344387755102041,1,125,10,117,0,1959,1184,879.532830541305,0.00930584192439863
281656,Baseline,4,183,FALSE,1,4,0.75,1,3,80,4,79,0,1751,437.75,875.5,0.0132146118721461
281657,Baseline,4,200,TRUE,4,"1,2,3,4",0.166720516962843,0.303571428571429,0,,10,114,1026,2111,1547.5,569.046278141477,0.0091740412979351
281658,Baseline,4,200,TRUE,3,"1,2,4",0.38483547925608,0.342155009451796,1,190,8,58,0,3627,2097,1728.34545158079,0.00935849056603774
281659,Baseline,4,200,TRUE,3,"2,3,4",0.306409701169337,0.352537722908093,1,92,14,80,0,1761,1154.5,800.401774110977,0.0094822695035461
281660,Baseline,4,200,TRUE,3,"2,3,4",0.342540661805945,0.340236686390533,1,160,10,115,0,2433,1337.25,1003.08137755618,0.00967320261437908
281661,Baseline,4,200,TRUE,3,"1,2,3",0.285245554614733,0.358024691358025,1,95,9,112,200,1878,1181,719.227826677102,0.0092398753894081
281662,Baseline,4,200,TRUE,3,"1,3,4",0.364965986394558,0.3728,1,157,8,89,0,1910,1102.5,848.863357673071,0.0112825396825397
281663,Baseline,4,124,FALSE,1,4,0.75,1,3,78,8,77,0,2429,607.25,1214.5,0.00992307692307692
281664,Baseline,4,96,FALSE,1,2,0.75,1,4,70,6,59,0,4284,1071,2142,0.0128148148148148
281665,Baseline,4,200,TRUE,2,"2,3",0.501164596273292,0.5,2,104,8,127,0,1941,966,1115.46492549071,0.0101649484536082
281666,Baseline,4,200,TRUE,3,"1,3,4",0.37062404870624,0.353497164461248,1,189,0,93,0,1786,985.5,763.155947365937,0.00933974358974359
281667,Baseline,4,200,TRUE,3,"2,3,4",0.387080291970803,0.528061224489796,1,116,8,108,0,3108,1712.5,1384.68805151196,0.0126606060606061
281668,Baseline,4,162,FALSE,1,2,0.75,1,3,99,6,74,0,3369,842.25,1684.5,0.0125066666666667
281669,Baseline,4,160,FALSE,1,3,0.75,1,3,76,10,84,0,1278,319.5,639,0.0104606060606061
281670,Baseline,4,177,FALSE,1,4,0.75,1,4,85,8,99,0,3958,989.5,1979,0.00935964912280702
281671,Baseline,4,184,FALSE,1,2,0.75,1,5,86,18,101,0,1506,376.5,753,0.0132394366197183
281672,Baseline,4,93,FALSE,1,3,0.75,1,3,35,12,36,0,1624,406,812,0.00880952380952381
281673,Baseline,4,200,TRUE,2,"1,3",0.503864100320793,0.516528925619835,3,73,15,119,0,1741,857.25,990.103487857035,0.00836444444444445
281674,Baseline,4,200,TRUE,2,"1,4",0.51210302091402,0.5765595463138,2,69,3,131,0,2707,1291,1494.20815149697,0.0127753623188406
281675,Baseline,4,161,FALSE,1,1,0.75,1,3,50,9,137,0,4462,1115.5,2231,0.0191578947368421
281676,Baseline,4,200,TRUE,2,"2,4",0.540064902646031,0.53125,3,114,9,95,0,2324,1001.5,1185.76149934687,0.00956862745098039
281677,Baseline,4,143,FALSE,1,2,0.75,1,4,88,12,83,0,3012,753,1506,0.0112338308457711
281678,Baseline,4,197,FALSE,1,3,0.75,1,3,41,8,173,0,4380,1095,2190,0.0155897435897436
281679,Baseline,4,200,TRUE,2,"3,4",0.492144177449168,0.501385041551246,2,96,5,90,0,1722,811.5,864.394007383207,0.0132619047619048
281680,Baseline,4,133,FALSE,1,4,0.75,1,3,110,6,43,0,3093,773.25,1546.5,0.0127581699346405
281681,Baseline,4,200,TRUE,2,"1,2",0.520168211465843,0.524691358024692,2,91,6,111,0,1574,728.25,846.365710946909,0.00872592592592593
281682,Baseline,4,140,FALSE,1,4,0.730260560600079,1,3,114,20,48,0,2433,633.25,1200.75903078011,0.0122487562189055
281683,Baseline,4,200,TRUE,2,"1,4",0.661744347023535,0.698216735253772,2,98,5,113,0,3569,1083.5,1695.7886071088,0.00985185185185185
281684,Baseline,4,200,TRUE,2,"1,4",0.560097323600973,0.547337278106509,2,117,6,68,0,2549,1027.5,1253.1423170042,0.0104521072796935
281685,Baseline,4,138,FALSE,1,3,0.75,1,4,96,13,47,0,2925,731.25,1462.5,0.0113025641025641
281686,Baseline,4,200,TRUE,3,"2,3,4",0.416878474980143,0.3664,1,144,2,106,0,3217,1573.75,1358.58170530889,0.00867901234567901
281687,Baseline,4,151,FALSE,1,2,0.75,1,3,76,16,68,0,3322,830.5,1661,0.0113541666666667
281688,Baseline,4,188,FALSE,1,1,0.75,1,3,154,14,90,0,1979,494.75,989.5,0.0104385964912281
281689,Baseline,4,200,TRUE,2,"3,4",0.513223311697279,0.808673469387755,2,45,10,111,0,3812,1810.25,2096.13650557401,0.0108666666666667
281690,Baseline,4,200,TRUE,4,"1,2,3,4",0.0987154150197629,0.256515775034294,0,,4,108,975,1593,1265,259.983332799111,0.00864686468646865
281691,Baseline,4,187,FALSE,1,3,0.75,1,3,127,18,80,0,1793,448.25,896.5,0.00923595505617977
281692,Baseline,4,200,TRUE,2,"1,2",0.51367081754196,0.56786703601108,2,154,2,86,0,2168,923.5,1007.11651096915,0.0105407407407407
281693,Baseline,4,197,FALSE,1,4,0.75,1,3,93,16,79,0,2774,693.5,1387,0.00926851851851852
281694,Baseline,4,200,TRUE,4,"1,2,3,4",0.123345935727788,0.267857142857143,0,,11,79,889,1616,1322.5,353.970337740325,0.0108
281695,Baseline,4,171,FALSE,1,1,0.75,1,4,113,19,84,0,3691,922.75,1845.5,0.00994949494949495
281696,Baseline,4,200,TRUE,2,"2,4",0.574839562098905,0.591836734693878,2,70,6,135,0,1721,662.25,830.406476773072,0.0137706093189964
281697,Baseline,4,137,FALSE,1,4,0.75,1,3,85,23,61,0,2668,667,1334,0.0117424242424242
281698,Baseline,4,200,TRUE,2,"1,3",0.532480818414322,0.508506616257089,2,99,9,95,0,2209,977.5,1147.61448230667,0.0116717948717949
281699,Baseline,4,147,FALSE,1,3,0.75,1,4,136,11,74,0,4319,1079.75,2159.5,0.0140084388185654
281700,Baseline,4,200,TRUE,2,"1,2",0.558569371099376,0.5392,2,103,12,157,0,2571,1041.5,1266.90923116062,0.0101305841924399
281701,Baseline,4,134,FALSE,1,4,0.75,1,3,104,10,53,0,1018,254.5,509,0.00992156862745098
281702,Baseline,4,103,FALSE,1,1,0.75,1,3,62,8,49,0,4381,1095.25,2190.5,0.00941269841269841
281703,Baseline,4,135,FALSE,1,4,0.75,1,3,117,14,85,0,2866,716.5,1433,0.008
281704,Baseline,4,200,TRUE,3,"1,2,4",0.268740121923685,0.336076817558299,1,122,10,87,0,1552,1107.25,741.343543844553,0.0107079646017699
281705,Baseline,4,200,TRUE,2,"2,4",0.554770727188513,0.555555555555556,3,138,8,86,0,2632,1079.5,1304.95708741705,0.0111223628691983
281706,Baseline,4,200,TRUE,4,"1,2,3,4",0.184886817576565,0.255102040816327,0,,10,30,1394,3233,1877.5,904.07024063399,0.0107385620915033
281707,Baseline,4,200,TRUE,2,"1,4",0.465823970037453,0.5008,2,94,6,115,0,2040,1068,1122.91525355508,0.0092140350877193
281708,Baseline,4,126,FALSE,1,3,0.75,1,3,60,10,48,0,3479,869.75,1739.5,0.00766666666666667
281709,Baseline,4,200,TRUE,4,"1,2,3,4",0.16606699751861,0.288265306122449,0,,16,104,1461,3172,2015,785.661080449664,0.00831515151515152
281710,Baseline,4,200,TRUE,4,"1,2,3,4",0.14717868338558,0.283163265306122,0,,8,65,1109,2238,1595,493.305179376824,0.0103428571428571
281711,Baseline,4,200,TRUE,3,"2,3,4",0.373888888888889,0.358024691358025,1,84,9,92,0,2216,1125,905.510169278439,0.00773476702508961
281712,Baseline,4,200,TRUE,2,"1,3",0.50894764957265,0.513888888888889,2,79,13,143,0,1939,936,1082.1832870021,0.0133506493506494
281713,Baseline,4,109,FALSE,1,3,0.75,1,3,95,11,58,0,4277,1069.25,2138.5,0.0118814814814815
281714,Baseline,4,200,TRUE,3,"1,2,3",0.403444816053512,0.3664,1,179,0,47,0,3370,1868.75,1604.22470890666,0.0120816326530612
281715,Baseline,4,200,TRUE,2,"1,3",0.47360570687419,0.523629489603025,2,131,10,112,0,1924,963.75,1003.80621469817,0.0114457831325301
281716,Baseline,4,198,FALSE,1,4,0.75,1,3,57,11,128,0,2633,658.25,1316.5,0.0114430379746835
281717,Baseline,4,157,FALSE,1,4,0.75,1,3,116,14,57,0,3132,783,1566,0.00862365591397849
281718,Baseline,4,200,TRUE,3,"1,2,3",0.309424603174603,0.3408,2,159,12,80,0,1973,1260,874.919805848894,0.0102554517133956
281719,Baseline,4,110,FALSE,1,2,0.75,1,3,83,8,67,0,4414,1103.5,2207,0.0119722222222222
281720,Baseline,4,156,FALSE,1,3,0.75,1,3,77,10,66,0,1067,266.75,533.5,0.0156
281721,Baseline,4,200,TRUE,4,"1,2,3,4",0.170106382978724,0.298469387755102,0,,8,137,701,1717,1175,421.110436821507,0.0117939393939394
281722,Baseline,4,200,TRUE,4,"1,2,3,4",0.183374308543331,0.262755102040816,0,,2,51,1289,3127,2033.75,798.577641810739,0.00971428571428572
281723,Baseline,4,100,FALSE,1,2,0.75,1,3,75,8,42,0,3569,892.25,1784.5,0.0151282051282051
281724,Baseline,4,200,TRUE,3,"2,3,4",0.502592285358772,0.594387755102041,1,124,8,104,0,3155,1205.5,1360.97624275126,0.0123625730994152
281725,Baseline,4,138,FALSE,1,3,0.75,1,3,115,16,90,0,4434,1108.5,2217,0.00997333333333333
281726,Baseline,4,177,FALSE,1,3,0.75,1,3,67,10,94,0,1582,395.5,791,0.00693333333333333
281727,Baseline,4,127,FALSE,1,4,0.75,1,3,101,6,39,0,2179,544.75,1089.5,0.00735849056603774
281728,Baseline,4,191,FALSE,1,3,0.75,1,3,119,12,115,0,2453,613.25,1226.5,0.00763713080168776
281729,Baseline,4,200,TRUE,3,"2,3,4",0.401760939167556,0.35969387755102,2,48,2,130,0,2423,1171.25,995.949254062006,0.0096474358974359
281730,Baseline,4,200,TRUE,2,"2,3",0.567325800376648,0.545,3,139,6,138,0,2022,796.5,984.163096239643,0.00813475177304965
281731,Baseline,4,200,TRUE,3,"1,2,4",0.341645885286783,0.339285714285714,1,146,8,80,0,2983,1804.5,1324.08874324949,0.0086872852233677
281732,Baseline,4,200,TRUE,3,"1,3,4",0.41090888012984,0.3359375,1,197,23,80,0,2295,1078.25,944.016728312234,0.00851700680272109
281733,Baseline,4,109,FALSE,1,4,0.75,1,3,97,8,40,0,2505,626.25,1252.5,0.0102121212121212
281734,Baseline,4,87,FALSE,1,4,0.75,1,3,49,6,27,0,2140,535,1070,0.00669333333333333
281735,Baseline,4,103,FALSE,1,2,0.75,1,3,90,12,46,0,1406,351.5,703,0.011982905982906
281736,Baseline,4,200,TRUE,4,"1,2,3,4",0.215848670756646,0.283163265306122,0,,8,96,1068,3148,1833.75,907.078965691521,0.00967676767676768
281737,Baseline,4,148,FALSE,1,2,0.75,1,3,71,8,74,0,1931,482.75,965.5,0.0112380952380952
281738,Baseline,4,147,FALSE,1,3,0.75,1,3,53,12,52,0,1791,447.75,895.5,0.00879245283018868
281739,Baseline,4,158,FALSE,1,3,0.690576230492197,1,3,55,6,80,0,1468,416.5,707.186679738808,0.0144795321637427
281740,Baseline,4,155,FALSE,1,4,0.75,1,3,98,14,43,0,1035,258.75,517.5,0.00882051282051282
281741,Baseline,4,200,TRUE,3,"1,2,4",0.310602866779089,0.354591836734694,1,82,10,80,0,1833,1186,826.332862713326,0.0105833333333333
281742,Baseline,4,200,TRUE,2,"1,4",0.513394817742644,0.510204081632653,2,93,8,99,0,2399,1138.5,1318.39511022556,0.00962962962962963
349176,Extreme_Capitalism,4,200,TRUE,2,"1,2",0.460063335679099,0.515570934256055,2,114,16,103,0,1390,710.5,713.865300085854,0.00850526315789474
349177,Extreme_Capitalism,4,112,FALSE,1,1,0.75,1,3,57,4,45,0,960,240,480,0.0224952380952381
349178,Extreme_Capitalism,4,111,FALSE,1,2,0.75,1,4,95,14,39,0,1886,471.5,943,0.00831818181818182
349179,Extreme_Capitalism,4,123,FALSE,1,4,0.714850615114236,1,3,49,8,59,0,2645,711.25,1292.60960205831,0.00760283687943262
349180,Extreme_Capitalism,4,193,FALSE,1,3,0.75,1,3,96,10,70,0,7253,1813.25,3626.5,0.0118106060606061
349181,Extreme_Capitalism,4,144,FALSE,1,1,0.75,1,3,65,16,74,0,2358,589.5,1179,0.0121960784313726
349182,Extreme_Capitalism,4,176,FALSE,1,4,0.75,1,3,142,13,88,0,2779,694.75,1389.5,0.00919191919191919
349183,Extreme_Capitalism,4,159,FALSE,1,2,0.75,1,3,74,12,75,0,1682,420.5,841,0.0135151515151515
349184,Extreme_Capitalism,4,200,TRUE,3,"2,3,4",0.300870839799966,0.357142857142857,1,168,4,87,0,2140,1449.75,1003.80621469817,0.00914089347079038
349185,Extreme_Capitalism,4,144,FALSE,1,1,0.75,1,4,87,12,81,0,1079,269.75,539.5,0.00702857142857143
349186,Extreme_Capitalism,4,200,TRUE,2,"1,3",0.573711021920346,0.555555555555556,2,77,6,108,0,2097,809.75,1013.04701272942,0.00851754385964912
349187,Extreme_Capitalism,4,200,TRUE,2,"1,4",0.516167192429022,0.524691358024692,2,126,18,124,0,1350,634,735.13536168518,0.0134083333333333
349188,Extreme_Capitalism,4,98,FALSE,1,1,0.75,1,3,65,12,26,0,3050,762.5,1525,0.0111458333333333
349189,Extreme_Capitalism,4,149,FALSE,1,2,0.75,1,3,67,8,72,0,3195,798.75,1597.5,0.00964912280701754
349190,Extreme_Capitalism,4,150,FALSE,1,1,0.75,1,3,109,11,63,0,836,209,418,0.00762051282051282
349191,Extreme_Capitalism,4,151,FALSE,1,4,0.75,1,3,81,16,69,0,1905,476.25,952.5,0.0112469135802469
349192,Extreme_Capitalism,4,168,FALSE,1,2,0.75,1,3,106,14,78,0,1338,334.5,669,0.00889177489177489
349193,Extreme_Capitalism,4,195,FALSE,1,1,0.675036390101892,0.78125,4,75,10,70,0,1168,343.5,558.178884110342,0.00778082191780822
349194,Extreme_Capitalism,4,198,FALSE,1,3,0.75,1,3,85,4,131,0,1841,460.25,920.5,0.0123621399176955
349195,Extreme_Capitalism,4,200,TRUE,3,"1,2,4",0.30713363460297,0.352537722908093,1,138,2,80,0,1847,1161.75,805.57820849375,0.00997163120567376
349196,Extreme_Capitalism,4,146,FALSE,1,2,0.730765003297428,1,3,96,12,79,0,4374,1137.25,2159.40969943177,0.0230444444444444
349197,Extreme_Capitalism,4,200,TRUE,2,"3,4",0.612225670583019,0.663265306122449,2,97,13,127,0,3268,1127.75,1542.46477539467,0.0131223628691983
349198,Extreme_Capitalism,4,147,FALSE,1,3,0.75,1,4,72,10,72,0,1190,297.5,595,0.00983950617283951
349199,Extreme_Capitalism,4,107,FALSE,1,3,0.75,1,3,79,6,38,0,1089,272.25,544.5,0.00731707317073171
349200,Extreme_Capitalism,4,200,TRUE,3,"1,3,4",0.383807531380753,0.358024691358025,1,73,7,73,0,2738,1493.75,1193.09300419819,0.00984313725490196
349201,Extreme_Capitalism,4,182,FALSE,1,4,0.75,1,3,94,18,84,0,910,227.5,455,0.00868444444444445
349202,Extreme_Capitalism,4,200,TRUE,4,"1,2,3,4",0.197838023335621,0.35969387755102,0,,11,129,1124,2762,1821.25,766.575664888992,0.00905555555555556
349203,Extreme_Capitalism,4,200,TRUE,4,"1,2,3,4",0.137941628264209,0.267857142857143,0,,15,95,1294,2490,1627.5,575.921580309912,0.00775975975975976
349204,Extreme_Capitalism,4,164,FALSE,1,3,0.75,1,4,73,8,61,0,2018,504.5,1009,0.00979393939393939
349205,Extreme_Capitalism,4,141,FALSE,1,4,0.75,1,3,85,11,66,0,826,206.5,413,0.00862962962962963
349206,Extreme_Capitalism,4,200,TRUE,3,"1,3,4",0.296437659033079,0.347222222222222,1,165,16,126,0,1471,982.5,672.423725538196,0.00826241134751773
349207,Extreme_Capitalism,4,196,FALSE,1,4,0.703694581280788,1,3,134,16,77,0,1842,507.5,894.069907781265,0.00810486891385768
349208,Extreme_Capitalism,4,181,FALSE,1,4,0.663119026933102,1,3,53,10,156,0,1902,575.5,904.21291740386,0.00905208333333333
349209,Extreme_Capitalism,4,168,FALSE,1,2,0.75,1,5,76,10,116,0,3477,869.25,1738.5,0.00970940170940171
349210,Extreme_Capitalism,4,200,TRUE,3,"2,3,4",0.326555555555556,0.336076817558299,1,72,8,101,0,1733,1125,816.385121536807,0.0086959706959707
349211,Extreme_Capitalism,4,129,FALSE,1,2,0.75,1,3,98,6,73,0,4228,1057,2114,0.00921505376344086
349212,Extreme_Capitalism,4,200,TRUE,2,"1,3",0.513083451202263,0.5,2,159,22,121,0,1488,707,818.606132398237,0.0111811594202899
349213,Extreme_Capitalism,4,200,TRUE,3,"2,3,4",0.320341378560557,0.344387755102041,1,92,8,122,0,1797,1149.75,815.089514511545,0.00844897959183673
349214,Extreme_Capitalism,4,147,FALSE,1,2,0.75,1,3,91,12,22,0,991,247.75,495.5,0.0154152046783626
349215,Extreme_Capitalism,4,124,FALSE,1,2,0.716644429619747,0.900277008310249,4,91,12,59,0,2798,749.5,1368.91721200858,0.00845751633986928
349216,Extreme_Capitalism,4,164,FALSE,1,3,0.75,1,3,79,8,65,0,1121,280.25,560.5,0.01296875
349217,Extreme_Capitalism,4,186,FALSE,1,2,0.75,1,3,115,8,111,0,4153,1038.25,2076.5,0.0143116883116883
349218,Extreme_Capitalism,4,200,TRUE,3,"1,3,4",0.489130434782609,0.479591836734694,1,173,12,99,0,2782,1150,1199.43653437771,0.0100459770114943
349219,Extreme_Capitalism,4,200,TRUE,4,"1,2,3,4",0.171652421652422,0.272959183673469,0,,26,90,1249,2837,1755,728.975536855204,0.00989206349206349
349220,Extreme_Capitalism,4,200,TRUE,3,"1,2,4",0.394278606965174,0.467764060356653,1,66,6,117,0,2963,1658.25,1384.46605231042,0.0122051282051282
349221,Extreme_Capitalism,4,200,TRUE,2,"1,4",0.592162162162162,0.603305785123967,2,94,6,101,0,2532,925,1204.53974612713,0.0108156862745098
349222,Extreme_Capitalism,4,109,FALSE,1,1,0.75,1,3,77,8,61,0,1525,381.25,762.5,0.0095609756097561
349223,Extreme_Capitalism,4,200,TRUE,4,"1,2,3,4",0.147326543602801,0.25765306122449,0,,10,43,1298,2594,1963.75,609.811104632683,0.0107044025157233
349224,Extreme_Capitalism,4,189,FALSE,1,1,0.75,1,3,129,9,128,0,882,220.5,441,0.010984496124031
349225,Extreme_Capitalism,4,192,FALSE,1,2,0.75,1,3,144,8,116,0,750,187.5,375,0.014130081300813
349226,Extreme_Capitalism,4,133,FALSE,1,1,0.66876523151909,1,4,82,16,75,0,1031,307.75,491.297856023546,0.010156862745098
349227,Extreme_Capitalism,4,200,TRUE,4,"1,2,3,4",0.175459940652819,0.283163265306122,0,,8,69,1505,3429,2106.25,890.952813939474,0.0160210526315789
349228,Extreme_Capitalism,4,112,FALSE,1,4,0.75,1,3,74,8,57,0,3734,933.5,1867,0.0182790697674419
349229,Extreme_Capitalism,4,186,FALSE,1,1,0.75,1,3,91,10,136,0,4454,1113.5,2227,0.0124078431372549
349230,Extreme_Capitalism,4,149,FALSE,1,3,0.75,1,3,88,14,89,0,2029,507.25,1014.5,0.00805333333333334
349231,Extreme_Capitalism,4,176,FALSE,1,4,0.75,1,3,61,7,85,0,1264,316,632,0.00887254901960784
349232,Extreme_Capitalism,4,154,FALSE,1,4,0.75,1,3,109,21,72,0,2661,665.25,1330.5,0.0143434343434343
349233,Extreme_Capitalism,4,179,FALSE,1,1,0.71583850931677,1,3,109,23,92,0,2700,724.5,1320.30337422882,0.00830240549828179
349234,Extreme_Capitalism,4,200,TRUE,3,"1,2,4",0.343091828138163,0.355,1,186,11,61,0,2994,1780.5,1306.02947899349,0.0110612244897959
349235,Extreme_Capitalism,4,200,TRUE,2,"2,3",0.602091125467528,0.56786703601108,2,116,6,84,0,2071,735.25,980.403105870233,0.00892444444444445
349236,Extreme_Capitalism,4,191,FALSE,1,2,0.75,1,4,110,6,95,0,4305,1076.25,2152.5,0.0163675213675214
349237,Extreme_Capitalism,4,161,FALSE,1,3,0.739063867016623,1,3,97,7,79,0,4472,1143,2219.83392772222,0.0151929824561404
349238,Extreme_Capitalism,4,171,FALSE,1,4,0.75,1,3,92,12,52,0,4048,1012,2024,0.0117049180327869
349239,Extreme_Capitalism,4,198,FALSE,1,1,0.75,1,4,95,16,93,0,1804,451,902,0.0112266666666667
349240,Extreme_Capitalism,4,200,TRUE,2,"1,4",0.610203814998694,0.670138888888889,2,102,12,147,0,2757,956.75,1301.85339036314,0.0113805309734513
349241,Extreme_Capitalism,4,138,FALSE,1,2,0.75,1,3,86,12,61,0,4439,1109.75,2219.5,0.0115300546448087
349242,Extreme_Capitalism,4,119,FALSE,1,3,0.75,1,3,75,10,43,0,4298,1074.5,2149,0.00942857142857143
349243,Extreme_Capitalism,4,147,FALSE,1,4,0.75,1,3,60,4,50,0,1969,492.25,984.5,0.0117083333333333
349244,Extreme_Capitalism,4,98,FALSE,1,2,0.75,1,4,78,12,47,0,1128,282,564,0.0078974358974359
349245,Extreme_Capitalism,4,200,TRUE,4,"1,2,3,4",0.155954631379962,0.318877551020408,0,,12,82,970,2028,1322.5,480.357158789166,0.0112063492063492
349246,Extreme_Capitalism,4,94,FALSE,1,4,0.719110764430577,1,3,61,13,25,0,3007,801.25,1473.45928006172,0.00768888888888889
349247,Extreme_Capitalism,4,200,TRUE,2,"1,4",0.552691218130312,0.528344671201814,2,153,10,78,0,2137,882.5,1063.32701147546,0.01055
349248,Extreme_Capitalism,4,190,FALSE,1,4,0.75,1,3,100,6,107,0,4077,1019.25,2038.5,0.00719444444444445
349249,Extreme_Capitalism,4,200,TRUE,2,"2,3",0.535394376710625,0.5072,2,91,11,108,0,2294,1004.75,1183.21183648576,0.0109156626506024
349250,Extreme_Capitalism,4,172,FALSE,1,4,0.696842105263158,0.857988165680474,3,112,12,76,0,1698,475,820.875142759238,0.0104109589041096
349251,Extreme_Capitalism,4,172,FALSE,1,4,0.75,1,3,89,8,100,0,1842,460.5,921,0.00816460905349794
349252,Extreme_Capitalism,4,194,FALSE,1,3,0.703639313861845,1,3,137,13,98,0,1957,539.25,949.857313845962,0.0102692307692308
349253,Extreme_Capitalism,4,200,TRUE,3,"1,2,3",0.305626326963907,0.339285714285714,1,71,15,145,0,1876,1177.5,816.002246728933,0.00962698412698413
349254,Extreme_Capitalism,4,200,TRUE,2,"3,4",0.521720613287905,0.516528925619835,2,72,4,121,0,1914,880.5,1024.35980007027,0.012287037037037
349255,Extreme_Capitalism,4,125,FALSE,1,1,0.677166788055353,1,3,82,8,73,0,1173,343.25,561.14369817365,0.0126991869918699
349256,Extreme_Capitalism,4,200,TRUE,4,"1,2,3,4",0.175113464447806,0.25765306122449,0,,8,76,1141,2642,1652.5,674.054646647189,0.00882898550724638
349257,Extreme_Capitalism,4,180,FALSE,1,1,0.75,1,3,87,8,109,0,2259,564.75,1129.5,0.012156862745098
349258,Extreme_Capitalism,4,200,TRUE,2,"2,4",0.507926195426195,0.500945179584121,2,116,15,104,0,1985,962,1111.93794790896,0.00934146341463415
349259,Extreme_Capitalism,4,91,FALSE,1,3,0.75,1,3,33,6,34,0,1860,465,930,0.00844444444444445
349260,Extreme_Capitalism,4,200,TRUE,4,"1,2,3,4",0.134310618066561,0.303571428571429,0,,8,109,1112,2080,1577.5,442.710966658835,0.0119146666666667
349261,Extreme_Capitalism,4,175,FALSE,1,3,0.693914750420639,1,3,104,12,80,0,1583,445.75,764.006271789266,0.0100225988700565
349262,Extreme_Capitalism,4,142,FALSE,1,3,0.75,1,3,116,11,68,0,927,231.75,463.5,0.0130531400966184
349263,Extreme_Capitalism,4,200,TRUE,3,"1,2,3",0.442830123796424,0.517857142857143,1,191,24,110,0,3128,1454,1336.90612983859,0.0122508960573477
349264,Extreme_Capitalism,4,200,TRUE,3,"1,3,4",0.358863198458574,0.337278106508876,1,85,8,101,0,1840,1038,784.282262114009,0.00996124031007752
349265,Extreme_Capitalism,4,200,TRUE,2,"2,3",0.493482794577685,0.546313799621928,3,100,6,129,0,2068,959,1015.95997296481,0.0104095238095238
349266,Extreme_Capitalism,4,190,FALSE,1,1,0.75,1,3,98,6,96,0,4457,1114.25,2228.5,0.0120975609756098
349267,Extreme_Capitalism,4,186,FALSE,1,2,0.68581514762516,0.802469135802469,5,104,10,128,0,1358,389.5,652.513856813274,0.0087793427230047
349268,Extreme_Capitalism,4,192,FALSE,1,2,0.75,1,3,134,10,63,0,3326,831.5,1663,0.0115294117647059
349269,Extreme_Capitalism,4,148,FALSE,1,4,0.75,1,3,64,5,49,0,1567,391.75,783.5,0.00914975845410628
349270,Extreme_Capitalism,4,148,FALSE,1,4,0.75,1,3,65,10,70,0,1362,340.5,681,0.00897560975609756
349271,Extreme_Capitalism,4,200,TRUE,3,"2,3,4",0.347576057383131,0.3648393194707,1,184,4,120,0,1820,1010.75,754.931067493362,0.0104063492063492
349272,Extreme_Capitalism,4,200,TRUE,2,"1,2",0.542420814479638,0.516528925619835,2,143,10,123,0,2068,884,1049.73393454405,0.00971153846153846
349273,Extreme_Capitalism,4,200,TRUE,2,"3,4",0.589557215257402,0.537190082644628,3,100,11,101,0,2546,937.25,1213.20165265301,0.0117911646586345
349274,Extreme_Capitalism,4,191,FALSE,1,2,0.75,1,3,94,9,130,0,3717,929.25,1858.5,0.00809638554216868
349275,Extreme_Capitalism,4,200,TRUE,3,"1,3,4",0.326693684049549,0.39030612244898,1,77,4,114,0,2677,1634.75,1164.23347458031,0.00856410256410256
194682,Democratic_Socialism,4,200,TRUE,4,"1,2,3,4",0.0531911773332552,0.252551020408163,0,,12,93,3842,4862,4261.75,487.690048425568,0.00809009009009009
194683,Democratic_Socialism,4,200,TRUE,4,"1,2,3,4",0.0465021446263518,0.26530612244898,0,,6,174,3637,4595,4138.25,400.780384583211,0.0113809523809524
194684,Democratic_Socialism,4,200,TRUE,4,"1,2,3,4",0.0353736089030208,0.252551020408163,0,,12,142,3648,4339,3931.25,297.653461819837,0.00916151202749141
194685,Democratic_Socialism,4,200,TRUE,4,"1,2,3,4",0.0877701403856235,0.25765306122449,0,,6,91,3729,5659,4291.75,919.738142081756,0.0122276422764228
194686,Democratic_Socialism,4,200,TRUE,4,"1,2,3,4",0.0371308144823821,0.25,0,,10,161,3657,4456,4122.25,335.581460552675,0.0121381381381381
194687,Democratic_Socialism,4,200,TRUE,4,"1,2,3,4",0.0343317097855651,0.280612244897959,0,,12,197,3602,4205,3952.25,292.593432371041,0.00920962199312715
194688,Democratic_Socialism,4,200,TRUE,4,"1,2,3,4",0.0225790871770104,0.295918367346939,0,,7,212,3897,4383,4141,199.017587162542,0.00842553191489362
194689,Democratic_Socialism,4,200,TRUE,4,"1,2,3,4",0.0391094689378757,0.272959183673469,0,,8,217,3528,4276,3992,338.826405897376,0.00748666666666667
194690,Democratic_Socialism,4,200,TRUE,4,"1,2,3,4",0.0210709568975866,0.262755102040816,0,,18,110,3995,4381,4164.5,188.825316099299,0.01
194691,Democratic_Socialism,4,200,TRUE,4,"1,2,3,4",0.084340850964892,0.25765306122449,0,,8,241,3427,5360,4301,796.342053810212,0.0127228070175439
194692,Democratic_Socialism,4,200,TRUE,4,"1,2,3,4",0.0486944558281131,0.308673469387755,0,,2,134,3825,4689,4270.25,463.343914747279,0.00954716981132075
194693,Democratic_Socialism,4,200,TRUE,4,"1,2,3,4",0.0489052146355518,0.278061224489796,0,,14,221,3877,4926,4338.75,445.983090112918,0.00721367521367521
194694,Democratic_Socialism,4,200,TRUE,4,"1,2,3,4",0.0792526897353882,0.295918367346939,0,,20,207,3632,5391,4298.75,762.283575843006,0.0129685534591195
194695,Democratic_Socialism,4,200,TRUE,4,"1,2,3,4",0.0479507948981441,0.329081632653061,0,,8,170,3765,4698,4135.75,424.992058749337,0.0110125786163522
194696,Democratic_Socialism,4,200,TRUE,4,"1,2,3,4",0.0728868809333181,0.303571428571429,0,,8,185,3792,5472,4371.5,749.293667396169,0.0123663663663664
194697,Democratic_Socialism,4,200,TRUE,4,"1,2,3,4",0.0560945056225601,0.25765306122449,0,,14,156,3759,4789,4290.75,523.173887600162,0.00812592592592593
194698,Democratic_Socialism,4,200,TRUE,4,"1,2,3,4",0.0683366194658541,0.26530612244898,0,,10,204,3403,4785,4184.25,599.878529370739,0.011085910652921
194699,Democratic_Socialism,4,200,TRUE,4,"1,2,3,4",0.0584183823963187,0.298469387755102,0,,19,259,3736,5016,4237.75,548.626390785812,0.0112695652173913
194700,Democratic_Socialism,4,200,TRUE,4,"1,2,3,4",0.0549443833272216,0.283163265306122,0,,20,138,3454,4537,4090.5,477.056600415506,0.0105079365079365
194701,Democratic_Socialism,4,200,TRUE,4,"1,2,3,4",0.0259280411193603,0.298469387755102,0,,18,179,4111,4657,4377.5,234.569819030497,0.00976507936507937
194702,Democratic_Socialism,4,200,TRUE,4,"1,2,3,4",0.106419338801889,0.275510204081633,0,,15,118,3235,5516,4023,1016.28900089164,0.0126472491909385
194703,Democratic_Socialism,4,200,TRUE,4,"1,2,3,4",0.0416887397727941,0.283163265306122,0,,12,90,3922,4839,4247.25,406.131649427457,0.00972390572390572
194704,Democratic_Socialism,4,200,TRUE,4,"1,2,3,4",0.0523703341682449,0.283163265306122,0,,8,153,3641,4564,4092.25,463.38779655921,0.0100691823899371
194705,Democratic_Socialism,4,200,TRUE,4,"1,2,3,4",0.0701788843899196,0.313775510204082,0,,10,227,3590,4940,4136.75,620.22972894458,0.00875333333333333
194706,Democratic_Socialism,4,200,TRUE,4,"1,2,3,4",0.0404671060238178,0.349489795918367,0,,8,223,4032,4881,4324.5,392.471230368121,0.00990825688073394
194707,Democratic_Socialism,4,200,TRUE,4,"1,2,3,4",0.0259054473114504,0.329081632653061,0,,8,127,4085,4665,4272.75,264.890386134844,0.0087843137254902
194708,Democratic_Socialism,4,200,TRUE,4,"1,2,3,4",0.0216705021537735,0.272959183673469,0,,12,178,4002,4447,4236.75,190.254872911751,0.00799339933993399
194709,Democratic_Socialism,4,200,TRUE,4,"1,2,3,4",0.0451141018139263,0.344387755102041,0,,8,230,3788,4649,4272.5,411.430431543414,0.00798653198653199
194710,Democratic_Socialism,4,200,TRUE,4,"1,2,3,4",0.0886146353195838,0.293367346938775,0,,12,141,3406,5203,4157.75,780.545695864972,0.0100409356725146
194711,Democratic_Socialism,4,200,TRUE,4,"1,2,3,4",0.0617865040941965,0.298469387755102,0,,14,163,3617,4868,4182.75,538.436857950865,0.0123594202898551
194712,Democratic_Socialism,4,200,TRUE,4,"1,2,3,4",0.122087536129299,0.301020408163265,0,,16,156,3433,6142,4238.25,1276.40050532738,0.0124654088050314
194713,Democratic_Socialism,4,200,TRUE,4,"1,2,3,4",0.0465748459586808,0.344387755102041,0,,20,154,3712,4607,4138.5,400.781320256654,0.0116190476190476
194714,Democratic_Socialism,4,200,TRUE,4,"1,2,3,4",0.0350029291154073,0.283163265306122,0,,16,175,3981,4615,4267.5,328.517376506429,0.0092012012012012
194715,Democratic_Socialism,4,200,TRUE,4,"1,2,3,4",0.0468559387823002,0.267857142857143,0,,24,103,4045,5154,4508.5,465.284500780616,0.0103918128654971
194716,Democratic_Socialism,4,200,TRUE,4,"1,2,3,4",0.0511419449901769,0.303571428571429,0,,4,144,3738,4804,4072,495.163272736041,0.0125614035087719
194717,Democratic_Socialism,4,200,TRUE,4,"1,2,3,4",0.0336401828740887,0.334183673469388,0,,12,192,3761,4480,4046.5,305.834922793327,0.0107438596491228
194718,Democratic_Socialism,4,200,TRUE,4,"1,2,3,4",0.0303895034125676,0.303571428571429,0,,16,221,3982,4637,4249,279.436337412776,0.00875471698113208
194719,Democratic_Socialism,4,200,TRUE,4,"1,2,3,4",0.0497269285669957,0.262755102040816,0,,10,137,3534,4593,4028.25,434.397187682732,0.0117263157894737
194720,Democratic_Socialism,4,200,TRUE,4,"1,2,3,4",0.0726313144006032,0.313775510204082,0,,16,174,3317,4706,3979,598.138779883064,0.0130619469026549
194721,Democratic_Socialism,4,200,TRUE,4,"1,2,3,4",0.0376039532361094,0.418367346938776,0,,12,204,3760,4520,4148.5,322.705748321904,0.0111393939393939
194722,Democratic_Socialism,4,200,TRUE,4,"1,2,3,4",0.0166584554748122,0.275510204081633,0,,14,97,3804,4155,4059.5,170.900555879728,0.00865319865319865
194723,Democratic_Socialism,4,200,TRUE,4,"1,2,3,4",0.0445072697899838,0.294924554183813,0,,16,157,3328,4148,3868.75,386.477575891107,0.00827062706270627
194724,Democratic_Socialism,4,200,TRUE,4,"1,2,3,4",0.0410608979973142,0.298469387755102,0,,2,135,3769,4630,4281.75,376.018948990606,0.0127249190938511
194725,Democratic_Socialism,4,200,TRUE,4,"1,2,3,4",0.0686212159755788,0.25765306122449,0,,10,191,3336,4641,3931,561.289586577196,0.0110793650793651
194726,Democratic_Socialism,4,200,TRUE,4,"1,2,3,4",0.0402221423866835,0.262755102040816,0,,14,188,3613,4504,4175.25,387.969393122705,0.0104525993883792
194727,Democratic_Socialism,4,200,TRUE,4,"1,2,3,4",0.0425333333333333,0.301020408163265,0,,6,175,3921,4846,4218.75,424.653093712974,0.0124983164983165
194728,Democratic_Socialism,4,200,TRUE,4,"1,2,3,4",0.0705356612625452,0.283163265306122,0,,6,169,3498,4948,4209.75,614.370341623574,0.0099748427672956
194729,Democratic_Socialism,4,200,TRUE,4,"1,2,3,4",0.0367409708264814,0.323979591836735,0,,20,186,3770,4478,4104.75,312.982827004933,0.0102916666666667
194730,Democratic_Socialism,4,200,TRUE,4,"1,2,3,4",0.0777287591781328,0.308673469387755,0,,10,136,3382,4932,4051.75,663.631612166469,0.0112048929663609
194731,Democratic_Socialism,4,200,TRUE,4,"1,2,3,4",0.0402264952223663,0.321428571428571,0,,12,202,3841,4574,4238.5,370.769020640434,0.0102941176470588
194732,Democratic_Socialism,4,200,TRUE,4,"1,2,3,4",0.0534867172675522,0.283163265306122,0,,8,198,3645,4820,4216,481.264307146638,0.0086791277258567
194733,Democratic_Socialism,4,200,TRUE,4,"1,2,3,4",0.0501251564455569,0.275510204081633,0,,12,255,3519,4439,3995,417.449398131079,0.0110061728395062
194734,Democratic_Socialism,4,200,TRUE,4,"1,2,3,4",0.0410348174208419,0.262755102040816,0,,10,230,3588,4440,4121.5,374.355891276381,0.007
194735,Democratic_Socialism,4,200,TRUE,4,"1,2,3,4",0.100504343770043,0.283163265306122,0,,4,211,3463,5485,4287.75,917.717957762623,0.0143899371069182
194736,Democratic_Socialism,4,200,TRUE,4,"1,2,3,4",0.0601591187270503,0.267857142857143,0,,16,201,3734,5002,4085,614.39943576363,0.0110539682539683
194737,Democratic_Socialism,4,200,TRUE,4,"1,2,3,4",0.0498735196044613,0.311224489795918,0,,8,154,3894,4866,4348.5,458.191735703152,0.00866666666666667
194738,Democratic_Socialism,4,200,TRUE,4,"1,2,3,4",0.0575992683934155,0.260204081632653,0,,24,258,3783,5037,4237.25,552.525338785472,0.0104074074074074
194739,Democratic_Socialism,4,200,TRUE,4,"1,2,3,4",0.0405381639113613,0.288265306122449,0,,12,220,3926,4814,4264.5,384.705515080475,0.00904290429042904
194740,Democratic_Socialism,4,200,TRUE,4,"1,2,3,4",0.0378592878592878,0.25,0,,8,185,3807,4559,4079.25,341.037998860342,0.0125981308411215
194741,Democratic_Socialism,4,200,TRUE,4,"1,2,3,4",0.03334775621214,0.298469387755102,0,,10,115,3780,4398,4044.5,285.826870675239,0.00833333333333333
194742,Democratic_Socialism,4,200,TRUE,4,"1,2,3,4",0.067347614176545,0.283163265306122,0,,4,154,3502,4850,4154.75,578.533418798488,0.00908333333333333
194743,Democratic_Socialism,4,200,TRUE,4,"1,2,3,4",0.0476419484951909,0.308673469387755,0,,16,228,3709,4670,4028.75,440.754939469391,0.0103239875389408
194744,Democratic_Socialism,4,200,TRUE,4,"1,2,3,4",0.113099415204678,0.283163265306122,0,,6,211,3256,5729,4275,1048.38510735957,0.0127619047619048
194745,Democratic_Socialism,4,200,TRUE,4,"1,2,3,4",0.097984237647772,0.267857142857143,0,,10,225,3284,5120,4123.75,850.071516599241,0.0107011494252874
194746,Democratic_Socialism,4,200,TRUE,4,"1,2,3,4",0.0187465623663143,0.267857142857143,0,,10,179,3816,4218,4090.75,185.093444868621,0.00870588235294118
194747,Democratic_Socialism,4,200,TRUE,4,"1,2,3,4",0.0513237135531572,0.329081632653061,0,,14,157,3504,4587,4192.75,480.275181536585,0.00991333333333333
194748,Democratic_Socialism,4,200,TRUE,4,"1,2,3,4",0.0522087763613934,0.267857142857143,0,,14,141,3872,5006,4255.75,512.836799901619,0.0104137931034483
194749,Democratic_Socialism,4,200,TRUE,4,"1,2,3,4",0.0372433105164904,0.260204081632653,0,,12,140,3640,4339,4017.5,311.737603335455,0.00975910364145658
194750,Democratic_Socialism,4,200,TRUE,4,"1,2,3,4",0.104167890501087,0.290816326530612,0,,12,171,3616,5974,4255.75,1146.50552404542,0.0160698412698413
194751,Democratic_Socialism,4,200,TRUE,4,"1,2,3,4",0.0819153964315256,0.339285714285714,0,,12,209,3398,5189,4231.5,738.056230920111,0.00893081761006289
194752,Democratic_Socialism,4,200,TRUE,4,"1,2,3,4",0.056878623080141,0.272959183673469,0,,2,151,3740,4891,4183.25,514.787577550197,0.00969333333333333
194753,Democratic_Socialism,4,200,TRUE,4,"1,2,3,4",0.0490276476101219,0.364795918367347,0,,16,156,3887,4967,4268,479.637363015018,0.0107746031746032
194754,Democratic_Socialism,4,200,TRUE,4,"1,2,3,4",0.0418423906494758,0.369897959183673,0,,14,249,3803,4610,4149.5,366.217148697327,0.0133693693693694
194755,Democratic_Socialism,4,200,TRUE,4,"1,2,3,4",0.0795994993742177,0.293367346938775,0,,2,183,3257,4657,3995,678.244793566453,0.00978694158075601
194756,Democratic_Socialism,4,200,TRUE,4,"1,2,3,4",0.0644823459006583,0.267857142857143,0,,12,230,3711,5130,4177.5,644.044770700506,0.0130864197530864
194757,Democratic_Socialism,4,200,TRUE,4,"1,2,3,4",0.0406517645629594,0.262755102040816,0,,12,253,3772,4601,4115.75,356.69443038358,0.0076695652173913
194758,Democratic_Socialism,4,200,TRUE,4,"1,2,3,4",0.0287340366463076,0.278061224489796,0,,14,141,3869,4452,4052.25,272.833740582062,0.0104229390681004
194759,Democratic_Socialism,4,200,TRUE,4,"1,2,3,4",0.0539262628680872,0.301020408163265,0,,6,161,3672,4635,4177,490.410032523806,0.00856637168141593
194760,Democratic_Socialism,4,200,TRUE,4,"1,2,3,4",0.0813348615764415,0.255102040816327,0,,10,109,3536,5224,4253.25,730.263593962253,0.0136533333333333
194761,Democratic_Socialism,4,200,TRUE,4,"1,2,3,4",0.0313950720152363,0.306122448979592,0,,8,184,3713,4392,4200.5,327.007135498091,0.0118487972508591
194762,Democratic_Socialism,4,200,TRUE,4,"1,2,3,4",0.0643750723966177,0.339285714285714,0,,14,185,3873,5299,4316.5,663.669345382172,0.00898550724637681
194763,Democratic_Socialism,4,200,TRUE,4,"1,2,3,4",0.0699615083899681,0.280612244897959,0,,14,165,3605,4905,4156.75,623.729842693667,0.0109791666666667
194764,Democratic_Socialism,4,200,TRUE,4,"1,2,3,4",0.0539906842072135,0.255102040816327,0,,13,155,3311,4416,3971.75,470.500708465637,0.00902140672782875
194765,Democratic_Socialism,4,200,TRUE,4,"1,2,3,4",0.0269334585142589,0.267857142857143,0,,14,103,3955,4546,4260.5,242.916309319348,0.00928155339805825
194766,Democratic_Socialism,4,200,TRUE,4,"1,2,3,4",0.0573490813648294,0.298469387755102,0,,12,144,3702,4872,4286.25,507.909686853874,0.00882010582010582
194767,Democratic_Socialism,4,200,TRUE,4,"1,2,3,4",0.0708718071711236,0.313775510204082,0,,0,261,3583,4908,4169.5,628.336693182883,0.00930357142857143
194768,Democratic_Socialism,4,200,TRUE,4,"1,2,3,4",0.0236454652532392,0.272959183673469,0,,7,163,4023,4502,4245,208.347466187297,0.00742394822006473
194769,Democratic_Socialism,4,200,TRUE,4,"1,2,3,4",0.0271147662626763,0.341836734693878,0,,12,274,3836,4398,4043,246.399404761186,0.00788888888888889
194770,Democratic_Socialism,4,200,TRUE,4,"1,2,3,4",0.0357491459248414,0.283163265306122,0,,12,145,3784,4561,4098,328.709598277872,0.0116697819314642
194771,Democratic_Socialism,4,200,TRUE,4,"1,2,3,4",0.0349999999999999,0.295918367346939,0,,10,192,3770,4519,4250,333.599560351429,0.0102905982905983
194772,Democratic_Socialism,4,200,TRUE,4,"1,2,3,4",0.0611670708201206,0.303571428571429,0,,6,225,3451,4616,4020.75,508.613392797843,0.00909615384615385
194773,Democratic_Socialism,4,200,TRUE,4,"1,2,3,4",0.0454828383425219,0.283163265306122,0,,16,178,3793,4660,4217.25,402.367473006123,0.00892929292929293
194774,Democratic_Socialism,4,200,TRUE,4,"1,2,3,4",0.0269176009966186,0.25765306122449,0,,10,198,4011,4575,4214.25,252.598990496795,0.0116538461538462
194775,Democratic_Socialism,4,200,TRUE,4,"1,2,3,4",0.101752437368876,0.479591836734694,0,,6,271,3263,5264,4051.5,886.491398717438,0.0126144927536232
194776,Democratic_Socialism,4,200,TRUE,4,"1,2,3,4",0.063206171789576,0.352040816326531,0,,8,207,3650,4827,4115.5,563.400686308895,0.0112418300653595
194777,Democratic_Socialism,4,200,TRUE,4,"1,2,3,4",0.10937984496124,0.283163265306122,0,,16,172,3286,5494,4031.25,1007.52481359022,0.0152969696969697
194778,Democratic_Socialism,4,200,TRUE,4,"1,2,3,4",0.0932879952690715,0.298469387755102,0,,8,213,3521,5558,4227.5,909.919593517288,0.0137522123893805
194779,Democratic_Socialism,4,200,TRUE,4,"1,2,3,4",0.106130132956819,0.339285714285714,0,,0,259,3440,5451,4249.5,979.024854979007,0.0133214285714286
194780,Democratic_Socialism,4,200,TRUE,4,"1,2,3,4",0.0355683115946384,0.301020408163265,0,,16,246,3834,4619,4159.25,329.785157337319,0.00859130434782609
194781,Democratic_Socialism,4,200,TRUE,4,"1,2,3,4",0.0726853230128015,0.283163265306122,0,,12,197,3390,4936,4198.75,640.359989901514,0.00960224089635854
34872,Rent_Control_Only,4,200,TRUE,3,"1,2,4",0.374666504972108,0.36,1,110,12,94,0,1957,1030.75,811.023376153035,0.00812549019607843
34873,Rent_Control_Only,4,200,TRUE,4,"1,2,3,4",0.111015228426396,0.26530612244898,0,,4,111,788,1449,1231.25,310.976285269472,0.0103030303030303
34874,Rent_Control_Only,4,108,FALSE,1,4,0.75,1,3,74,8,53,0,2043,510.75,1021.5,0.00811494252873563
34875,Rent_Control_Only,4,198,FALSE,1,2,0.75,1,3,150,16,120,0,1320,330,660,0.011029702970297
34876,Rent_Control_Only,4,200,TRUE,2,"1,2",0.514011379800853,0.504132231404959,2,130,4,79,0,1856,878.75,1017.87536073922,0.0110272108843537
34877,Rent_Control_Only,4,183,FALSE,1,1,0.75,1,3,102,8,109,0,2647,661.75,1323.5,0.00910416666666667
34878,Rent_Control_Only,4,146,FALSE,1,1,0.699057564951605,0.82,4,83,10,61,0,1763,490.75,853.390639351835,0.0106021505376344
34879,Rent_Control_Only,4,200,TRUE,3,"1,3,4",0.348009950248756,0.347222222222222,1,157,12,102,0,1763,1005,744.360575706873,0.00891089108910891
34880,Rent_Control_Only,4,200,TRUE,3,"1,3,4",0.444449308352303,0.345,1,197,14,119,0,3328,1427.75,1387.48318308127,0.0102631578947368
34881,Rent_Control_Only,4,200,TRUE,3,"1,2,3",0.350234591597356,0.35969387755102,1,95,13,110,0,2183,1172.25,896.107647923321,0.0113925925925926
34882,Rent_Control_Only,4,200,TRUE,2,"3,4",0.458499147242752,0.451523545706371,2,132,18,70,0,1667,879.5,903.808423653302,0.00932575757575758
34883,Rent_Control_Only,4,200,TRUE,3,"1,2,3",0.298383475527616,0.3472,1,119,10,105,0,1753,1113.5,766.551802989639,0.0105448717948718
34884,Rent_Control_Only,4,169,FALSE,1,4,0.75,1,4,96,9,59,0,3724,931,1862,0.00834444444444445
34885,Rent_Control_Only,4,200,TRUE,3,"2,3,4",0.376794657762938,0.340236686390533,1,172,4,98,0,2926,1497.5,1199.54838724135,0.0093469387755102
34886,Rent_Control_Only,4,197,FALSE,1,4,0.75,1,4,78,13,106,0,1196,299,598,0.00775833333333333
34887,Rent_Control_Only,4,200,TRUE,2,"3,4",0.556947608200456,0.517146776406036,2,60,6,183,0,2695,1097.5,1331.41841657685,0.00988127853881279
34888,Rent_Control_Only,4,200,TRUE,4,"1,2,3,4",0.182740213523132,0.272959183673469,0,,9,107,1106,2723,1756.25,694.704913374497,0.00928155339805825
34889,Rent_Control_Only,4,200,TRUE,3,"1,2,3",0.324484256243214,0.344387755102041,1,75,8,99,0,1792,1151.25,826.002976185114,0.00891666666666667
34890,Rent_Control_Only,4,136,FALSE,1,2,0.75,1,3,66,6,49,0,3709,927.25,1854.5,0.0112991452991453
34891,Rent_Control_Only,4,200,TRUE,3,"1,3,4",0.272665345553629,0.336805555555556,1,149,15,137,0,1409,1009.25,678.139304764638,0.00741212121212121
34892,Rent_Control_Only,4,200,TRUE,2,"1,3",0.53702335205439,0.510204081632653,2,101,10,55,0,1942,845.75,997.776319288714,0.0105353535353535
34893,Rent_Control_Only,4,200,TRUE,4,"1,2,3,4",0.21560553633218,0.262755102040816,0,,10,62,982,3012,1806.25,859.44415176322,0.0101035598705502
34894,Rent_Control_Only,4,200,TRUE,2,"2,4",0.613120380147835,0.659735349716446,2,60,10,124,0,2751,947,1298.22109056971,0.0108367346938776
34895,Rent_Control_Only,4,151,FALSE,1,4,0.75,1,3,80,16,104,0,3774,943.5,1887,0.0104473684210526
34896,Rent_Control_Only,4,200,TRUE,3,"2,3,4",0.323188946975355,0.347222222222222,1,148,14,93,0,1632,1004.25,711.235720419046,0.00752380952380952
34897,Rent_Control_Only,4,200,TRUE,3,"1,2,4",0.392793987621574,0.390946502057613,1,126,4,108,0,2104,1131,922.890387135258,0.00973202614379085
34898,Rent_Control_Only,4,200,TRUE,2,"1,3",0.607335855174277,0.614366729678639,2,103,8,106,0,2645,925.25,1249.90809662151,0.010843137254902
34899,Rent_Control_Only,4,137,FALSE,1,2,0.75,1,3,63,6,79,0,1236,309,618,0.00957471264367816
34900,Rent_Control_Only,4,117,FALSE,1,3,0.75,1,4,51,6,27,0,1735,433.75,867.5,0.0105614035087719
34901,Rent_Control_Only,4,200,TRUE,2,"1,3",0.510157882516833,0.547337278106509,2,63,12,155,0,2439,1076.75,1174.62940964374,0.011030303030303
34902,Rent_Control_Only,4,200,TRUE,2,"1,4",0.556541405706333,0.78125,2,46,8,147,190,3221,1077.75,1448.76599789844,0.0108639455782313
34903,Rent_Control_Only,4,198,FALSE,1,4,0.75,1,3,153,16,112,0,1401,350.25,700.5,0.00865925925925926
34904,Rent_Control_Only,4,131,FALSE,1,1,0.705148741418764,1,3,82,8,37,0,1989,546.25,966.26096371529,0.00881045751633987
34905,Rent_Control_Only,4,200,TRUE,3,"2,3,4",0.293469063987308,0.346938775510204,2,192,4,9,0,3510,2363.75,1612.88941034406,0.01075
34906,Rent_Control_Only,4,157,FALSE,1,2,0.75,1,3,59,2,81,0,2210,552.5,1105,0.0135862068965517
34907,Rent_Control_Only,4,200,TRUE,2,"1,4",0.637854927225006,0.689349112426036,2,82,8,112,0,3251,1047.75,1534.21866650966,0.0107967479674797
34908,Rent_Control_Only,4,119,FALSE,1,4,0.75,1,3,65,10,48,0,1467,366.75,733.5,0.00988888888888889
34909,Rent_Control_Only,4,78,FALSE,1,4,0.75,1,3,50,6,31,0,1457,364.25,728.5,0.00728888888888889
34910,Rent_Control_Only,4,200,TRUE,3,"1,2,3",0.338914309484193,0.336734693877551,1,63,8,130,0,1924,1202,886.856997115845,0.0111541218637993
34911,Rent_Control_Only,4,194,FALSE,1,3,0.75,1,3,143,8,65,0,3230,807.5,1615,0.0102296296296296
34912,Rent_Control_Only,4,200,TRUE,2,"2,4",0.543054234062797,0.547337278106509,2,86,4,112,0,2464,1051,1249.06525049735,0.0110901960784314
34913,Rent_Control_Only,4,200,TRUE,2,"1,3",0.604562085524811,0.654320987654321,2,73,20,112,0,3101,1093.25,1466.67455490303,0.00925102880658436
34914,Rent_Control_Only,4,200,TRUE,4,"1,2,3,4",0.283620689655173,0.298469387755102,0,,8,89,801,3202,1740,1063.96334523328,0.0105932721712538
34915,Rent_Control_Only,4,200,TRUE,2,"1,4",0.598766868310842,0.547337278106509,2,82,10,148,0,2998,1074.5,1421.24393871472,0.00934848484848485
34916,Rent_Control_Only,4,147,FALSE,1,3,0.75,1,3,99,8,62,0,2166,541.5,1083,0.00964971751412429
34917,Rent_Control_Only,4,156,FALSE,1,4,0.75,1,3,58,2,78,0,1270,317.5,635,0.00946666666666667
34918,Rent_Control_Only,4,200,TRUE,2,"3,4",0.567403378847489,0.582990397805213,2,101,12,105,0,2743,1080.25,1334.96226538431,0.0104278606965174
34919,Rent_Control_Only,4,127,FALSE,1,1,0.75,1,3,93,19,57,0,1741,435.25,870.5,0.0118333333333333
34920,Rent_Control_Only,4,199,FALSE,1,2,0.75,1,3,91,14,100,0,1725,431.25,862.5,0.00840182648401826
34921,Rent_Control_Only,4,135,FALSE,1,3,0.75,1,3,73,7,61,0,1867,466.75,933.5,0.0114444444444444
34922,Rent_Control_Only,4,200,TRUE,4,"1,2,3,4",0.224899713467049,0.260204081632653,0,,6,56,1091,3482,2181.25,1021.63900180054,0.00936723163841808
34923,Rent_Control_Only,4,114,FALSE,1,4,0.75,1,3,69,10,50,0,1851,462.75,925.5,0.0105964912280702
34924,Rent_Control_Only,4,200,TRUE,4,"1,2,3,4",0.187435367114788,0.303571428571429,0,,12,110,826,1887,1208.75,499.28707507138,0.0096
34925,Rent_Control_Only,4,138,FALSE,1,4,0.75,1,3,53,8,56,0,1628,407,814,0.00751937984496124
34926,Rent_Control_Only,4,200,TRUE,2,"3,4",0.513483146067416,0.5390625,2,181,12,85,0,1607,667.5,726.863811177857,0.00873684210526316
34927,Rent_Control_Only,4,200,TRUE,2,"2,3",0.666139240506329,0.802469135802469,2,99,8,121,0,3682,1106,1752.59274600043,0.00923423423423423
34928,Rent_Control_Only,4,200,TRUE,2,"1,2",0.624631602811154,0.615912208504801,2,87,6,132,0,3305,1102.75,1557.99344778254,0.00951851851851852
34929,Rent_Control_Only,4,153,FALSE,1,1,0.75,1,3,107,7,95,0,2849,712.25,1424.5,0.0107005649717514
34930,Rent_Control_Only,4,150,FALSE,1,3,0.71,1,3,109,6,74,0,2300,625,1120.63969826762,0.00944973544973545
34931,Rent_Control_Only,4,200,TRUE,2,"2,3",0.627914650241971,0.706632653061224,2,123,10,128,0,3436,1136.5,1619.8422762726,0.0112457912457912
34932,Rent_Control_Only,4,200,TRUE,2,"3,4",0.591656391286478,0.755102040816326,2,96,12,149,0,3625,1216.5,1652.93849452019,0.0106980392156863
34933,Rent_Control_Only,4,200,TRUE,2,"1,3",0.589002267573696,0.5392,2,105,4,183,0,2691,992.25,1282.77365501479,0.0110262172284644
34934,Rent_Control_Only,4,200,TRUE,4,"1,2,3,4",0.177651792245794,0.267857142857143,0,,9,95,1251,2804,1708.75,737.543840504866,0.00848844884488449
34935,Rent_Control_Only,4,154,FALSE,1,2,0.694444444444445,1,3,127,11,73,0,1600,450,772.442015083765,0.00703030303030303
34936,Rent_Control_Only,4,200,TRUE,2,"1,4",0.544907279269305,0.508506616257089,2,105,12,119,0,2131,903.25,1076.11070527153,0.00759493670886076
34937,Rent_Control_Only,4,200,TRUE,3,"1,2,3",0.311785400175902,0.337278106508876,1,159,6,62,0,1855,1137,796.198886376178,0.0119290780141844
34938,Rent_Control_Only,4,195,FALSE,1,2,0.75,1,4,123,16,125,0,1456,364,728,0.00983720930232558
34939,Rent_Control_Only,4,172,FALSE,1,3,0.698638931689779,1,3,85,12,113,0,1747,486.75,845.440072782611,0.00978666666666667
34940,Rent_Control_Only,4,152,FALSE,1,4,0.75,1,3,110,14,89,0,3557,889.25,1778.5,0.00795897435897436
34941,Rent_Control_Only,4,200,TRUE,2,"3,4",0.634477033757609,0.5765595463138,2,128,9,127,0,2779,903.5,1310.82887263492,0.00903225806451613
34942,Rent_Control_Only,4,108,FALSE,1,2,0.727148080438757,1,3,75,10,28,0,4176,1094,2056.82862679417,0.00791228070175439
34943,Rent_Control_Only,4,130,FALSE,1,3,0.75,1,3,101,10,67,0,1114,278.5,557,0.0102513661202186
34944,Rent_Control_Only,4,159,FALSE,1,3,0.716273187183811,1,3,65,2,26,0,2765,741.25,1352.45686930613,0.0102686567164179
34945,Rent_Control_Only,4,200,TRUE,3,"2,3,4",0.45995670995671,0.477040816326531,1,156,10,120,0,2967,1212.75,1251.00689446541,0.0118269230769231
34946,Rent_Control_Only,4,172,FALSE,1,1,0.71578857338351,0.895061728395062,3,154,6,97,0,2723,730.75,1331.50876201899,0.011031007751938
34947,Rent_Control_Only,4,142,FALSE,1,4,0.75,1,3,105,8,84,0,3853,963.25,1926.5,0.00862146892655367
34948,Rent_Control_Only,4,200,TRUE,2,"1,2",0.613866513233602,0.606508875739645,2,99,13,137,0,3162,1086.25,1491.97595490008,0.00915294117647059
34949,Rent_Control_Only,4,193,FALSE,1,4,0.75,1,3,84,8,101,0,2627,656.75,1313.5,0.0089537037037037
34950,Rent_Control_Only,4,200,TRUE,4,"1,2,3,4",0.1696875,0.272959183673469,0,,21,121,978,2411,1600,595.392867497308,0.0082020202020202
34951,Rent_Control_Only,4,200,TRUE,3,"1,2,3",0.373503202450571,0.440329218106996,1,103,16,111,0,3151,1795.5,1411.07110616959,0.010422619047619
34952,Rent_Control_Only,4,122,FALSE,1,2,0.75,1,3,75,12,63,0,1180,295,590,0.00934814814814815
34953,Rent_Control_Only,4,127,FALSE,1,4,0.75,1,3,82,12,49,0,3779,944.75,1889.5,0.0102533333333333
34954,Rent_Control_Only,4,189,FALSE,1,2,0.75,1,3,135,6,93,0,1033,258.25,516.5,0.00940740740740741
34955,Rent_Control_Only,4,200,TRUE,3,"1,3,4",0.375188212518821,0.375,1,101,12,123,0,2221,1162.25,917.683814466254,0.00790938511326861
34956,Rent_Control_Only,4,143,FALSE,1,3,0.75,1,3,96,10,76,0,1772,443,886,0.00851190476190476
34957,Rent_Control_Only,4,200,TRUE,2,"1,4",0.604172767203514,0.591836734693878,2,74,6,147,0,2419,853.75,1144.26406480323,0.0125135135135135
34958,Rent_Control_Only,4,200,TRUE,3,"1,2,3",0.285628415300546,0.368998628257887,1,115,8,105,0,1723,1143.75,775.60873942128,0.00882474226804124
34959,Rent_Control_Only,4,170,FALSE,1,2,0.75,1,3,96,6,95,0,1756,439,878,0.0117748917748918
34960,Rent_Control_Only,4,200,TRUE,2,"1,2",0.5141689373297,0.508506616257089,3,122,13,104,0,1939,917.5,1062.83535883974,0.0090042194092827
34961,Rent_Control_Only,4,200,TRUE,2,"3,4",0.556069008009858,0.52,2,152,6,96,0,1987,811.5,983.043064502602,0.0111313131313131
34962,Rent_Control_Only,4,200,TRUE,2,"1,3",0.60892166344294,0.547337278106509,2,119,10,158,0,2969,1034,1402.40579006221,0.00803236245954693
34963,Rent_Control_Only,4,133,FALSE,1,1,0.75,1,3,113,13,61,0,1347,336.75,673.5,0.00822222222222222
34964,Rent_Control_Only,4,133,FALSE,1,4,0.75,1,3,49,4,51,0,3876,969,1938,0.0105909090909091
34965,Rent_Control_Only,4,200,TRUE,4,"1,2,3,4",0.244039735099338,0.278061224489796,0,,18,61,1126,3418,1887.5,1055.1478569376,0.011352380952381
34966,Rent_Control_Only,4,159,FALSE,1,4,0.672480620155039,1,3,73,14,126,0,1090,322.5,520.280373132282,0.00690476190476191
34967,Rent_Control_Only,4,197,FALSE,1,3,0.75,1,3,77,7,145,0,2592,648,1296,0.0111925925925926
34968,Rent_Control_Only,4,200,TRUE,3,"1,2,4",0.291263773330335,0.344307270233196,1,102,12,140,0,1699,1111.75,757.612202911226,0.00813026819923372
34969,Rent_Control_Only,4,200,TRUE,3,"1,3,4",0.4623719464145,0.517857142857143,2,141,12,122,0,2967,1269,1252.2206940738,0.0104060606060606
34970,Rent_Control_Only,4,161,FALSE,1,4,0.680813124108417,1,3,132,16,71,0,1208,350.5,578.935517422565,0.00773333333333333
34971,Rent_Control_Only,4,141,FALSE,1,4,0.75,1,3,104,10,44,0,3470,867.5,1735,0.00938461538461539
396535,UBI_Only,4,200,TRUE,4,"1,2,3,4",0.270227149810709,0.25765306122449,0,,4,161,1037,4149,2311.25,1338.60981992513,0.0105454545454545
396536,UBI_Only,4,200,TRUE,3,"1,2,4",0.467973749864411,0.366255144032922,1,118,8,146,0,5688,2304.75,2405.44235363616,0.00801360544217687
396537,UBI_Only,4,200,TRUE,3,"2,3,4",0.515562248995984,0.378472222222222,2,188,3,136,0,5962,2241,2591.21091383932,0.00907165109034268
396538,UBI_Only,4,200,TRUE,4,"1,2,3,4",0.324879585031493,0.267857142857143,0,,8,84,1198,5838,3373.75,2407.58362610038,0.00942028985507246
396539,UBI_Only,4,200,TRUE,4,"1,2,3,4",0.205690765926986,0.272959183673469,0,,10,156,1043,2862,1746.25,788.79375208817,0.010519298245614
396540,UBI_Only,4,200,TRUE,2,"2,3",0.663037616286909,0.802469135802469,2,124,10,149,0,6127,1854.25,2912.68814842921,0.0133176470588235
396541,UBI_Only,4,200,TRUE,4,"1,2,3,4",0.235281837160751,0.295918367346939,0,,2,186,694,2195,1197.5,675.906551726396,0.0132390572390572
396542,UBI_Only,4,200,TRUE,3,"1,3,4",0.509465478841871,0.357277882797732,1,193,2,141,0,5184,2020.5,2248.31336783821,0.00891489361702128
396543,UBI_Only,4,200,TRUE,3,"1,2,3",0.526529535864979,0.340236686390533,2,131,4,137,0,6510,2370,2852.95157103423,0.0109690721649485
396544,UBI_Only,4,200,TRUE,4,"1,2,3,4",0.312162162162162,0.275510204081633,0,,6,96,1370,6126,3607.5,2477.90092618732,0.012198347107438
396545,UBI_Only,4,200,TRUE,3,"1,2,4",0.285987885266346,0.349489795918367,1,126,4,163,0,2135,1403.25,953.965888628449,0.0101349206349206
396546,UBI_Only,4,200,TRUE,4,"1,2,3,4",0.285927639882204,0.275510204081633,0,,8,115,1098,4790,2971.25,1824.46766208667,0.00759870550161812
396547,UBI_Only,4,200,TRUE,3,"1,3,4",0.311107505948518,0.35969387755102,1,81,8,169,0,1874,1155.75,807.449637232358,0.00971647509578544
396548,UBI_Only,4,200,TRUE,3,"1,2,4",0.507052220595412,0.400510204081633,1,118,4,101,0,6485,2561.25,2814.27946669599,0.00956521739130435
396549,UBI_Only,4,200,TRUE,4,"1,2,3,4",0.277020306672192,0.25765306122449,0,,10,95,1431,5718,3016.25,1876.59165776681,0.00945454545454546
396550,UBI_Only,4,200,TRUE,4,"1,2,3,4",0.344973262032086,0.298469387755102,0,,10,145,987,5184,2337.5,1922.99947997913,0.00912714776632303
396551,UBI_Only,4,200,TRUE,4,"1,2,3,4",0.314300518134715,0.298469387755102,0,,6,161,1255,5167,2412.5,1851.18781687146,0.00950292397660819
396552,UBI_Only,4,200,TRUE,3,"1,3,4",0.38443600867679,0.344387755102041,1,105,6,118,0,4317,2305,1840.00525361569,0.0094176245210728
396553,UBI_Only,4,200,TRUE,3,"1,3,4",0.366443987667009,0.334183673469388,1,81,8,216,0,2166,1216.25,934.013695474179,0.0106805555555556
396554,UBI_Only,4,200,TRUE,4,"1,2,3,4",0.300257997936017,0.318877551020408,0,,8,138,1344,5098,2422.5,1795.11884471939,0.0125266106442577
396555,UBI_Only,4,200,TRUE,4,"1,2,3,4",0.254472712351252,0.303571428571429,0,,10,111,1553,4997,3046.25,1661.76560220347,0.00768888888888889
396556,UBI_Only,4,200,TRUE,4,"1,2,3,4",0.163625304136253,0.251028806584362,0,,10,152,1140,2453,1541.25,612.971655135864,0.00996153846153846
396557,UBI_Only,4,200,TRUE,4,"1,2,3,4",0.254352159468439,0.293367346938775,0,,14,75,1473,5700,3762.5,2042.77172815108,0.009003663003663
396558,UBI_Only,4,200,TRUE,4,"1,2,3,4",0.347506631299735,0.288265306122449,0,,4,110,990,5197,2356.25,1926.89514937027,0.00918840579710145
396559,UBI_Only,4,200,TRUE,4,"1,2,3,4",0.31133525456292,0.301020408163265,0,,2,114,941,4906,2602.5,1716.98932242846,0.0101259259259259
396560,UBI_Only,4,200,TRUE,4,"1,2,3,4",0.145238095238095,0.267857142857143,0,,16,132,1381,3727,3097.5,1146.91281272815,0.0133722222222222
396561,UBI_Only,4,200,TRUE,4,"1,2,3,4",0.260874799357945,0.334183673469388,0,,6,153,1531,5454,3115,1734.46764166992,0.00939102564102564
396562,UBI_Only,4,200,TRUE,3,"1,3,4",0.376247122026094,0.395408163265306,2,121,10,146,0,2999,1628.75,1276.74778898053,0.00854347826086957
396563,UBI_Only,4,200,TRUE,3,"2,3,4",0.310263157894737,0.385204081632653,1,124,12,177,0,2352,1425,1002.35023819022,0.00979935275080906
396564,UBI_Only,4,200,TRUE,4,"1,2,3,4",0.340504648074369,0.267857142857143,0,,12,158,872,4068,1882.5,1495.65426040468,0.00957095709570957
396565,UBI_Only,4,200,TRUE,3,"1,3,4",0.467366570128258,0.354591836734694,1,85,10,122,0,5942,2417,2510.78327751853,0.0122222222222222
396566,UBI_Only,4,200,TRUE,3,"1,2,3",0.321884124788689,0.36094674556213,1,151,16,78,0,5215,3253.5,2301.05316467627,0.0095959595959596
396567,UBI_Only,4,200,TRUE,4,"1,2,3,4",0.21981512605042,0.262755102040816,0,,8,85,1849,5973,3718.75,1722.54199271503,0.0108692810457516
396568,UBI_Only,4,200,TRUE,3,"1,3,4",0.293247767857143,0.346260387811634,2,189,10,155,0,1332,896,611.103919149599,0.00811538461538462
396569,UBI_Only,4,200,TRUE,4,"1,2,3,4",0.246358308915864,0.298469387755102,0,,6,115,1481,4811,2986.25,1552.68699893657,0.0141142857142857
396570,UBI_Only,4,200,TRUE,4,"1,2,3,4",0.339404761904762,0.267857142857143,0,,12,152,1058,4753,2100,1776.95563628734,0.00969090909090909
396571,UBI_Only,4,200,TRUE,4,"1,2,3,4",0.432016890213611,0.267857142857143,0,,10,117,878,6546,2516.25,2699.26192072327,0.00979047619047619
396572,UBI_Only,4,200,TRUE,4,"1,2,3,4",0.323343911146371,0.267857142857143,0,,12,123,1278,6034,3151.25,2190.84996823912,0.011563025210084
396573,UBI_Only,4,200,TRUE,3,"2,3,4",0.350821674439263,0.357988165680473,1,172,20,133,0,2089,1125.75,858.238263343383,0.0106080586080586
396574,UBI_Only,4,200,TRUE,4,"1,2,3,4",0.288195777351248,0.308673469387755,0,,10,113,1184,4806,2605,1614.9819400435,0.0135064102564103
396575,UBI_Only,4,200,TRUE,3,"1,2,4",0.472015241320914,0.333333333333333,1,190,10,176,0,3709,1476.25,1575.95206674146,0.0113081761006289
396576,UBI_Only,4,200,TRUE,3,"1,2,3",0.314162587784635,0.336734693877551,1,99,14,190,0,1877,1174.75,821.047856908069,0.0149684210526316
396577,UBI_Only,4,200,TRUE,4,"1,2,3,4",0.226194503171247,0.318877551020408,0,,8,149,1686,4763,2956.25,1425.86917936628,0.00917491749174918
396578,UBI_Only,4,200,TRUE,3,"1,2,4",0.579795597484277,0.357340720221607,1,194,11,143,0,6784,2226,3081.88005390649,0.0152277227722772
396579,UBI_Only,4,200,TRUE,4,"1,2,3,4",0.328271707519734,0.280612244897959,0,,4,134,1112,5821,3008.75,2107.91909632857,0.00827450980392157
396580,UBI_Only,4,200,TRUE,4,"1,2,3,4",0.286248736097068,0.262755102040816,0,,9,108,1087,4483,2472.5,1505.79779519031,0.0156219931271478
396581,UBI_Only,4,200,TRUE,4,"1,2,3,4",0.338719657306045,0.295918367346939,0,,8,148,886,5372,2626.25,1947.0867768712,0.0117113402061856
396582,UBI_Only,4,200,TRUE,4,"1,2,3,4",0.104377104377104,0.267857142857143,0,,14,178,1125,1863,1485,320.428879264443,0.0134798534798535
396583,UBI_Only,4,200,TRUE,4,"1,2,3,4",0.260287610619469,0.288265306122449,0,,2,68,1587,5160,3390,2013.3598784122,0.00962241887905605
396584,UBI_Only,4,200,TRUE,4,"1,2,3,4",0.350541338582677,0.25765306122449,0,,4,120,721,4812,2540,1872.58413251136,0.0102242424242424
396585,UBI_Only,4,200,TRUE,4,"1,2,3,4",0.160946327683616,0.252551020408163,0,,4,114,1175,2359,1770,634.292782028405,0.00938144329896907
396586,UBI_Only,4,200,TRUE,4,"1,2,3,4",0.26958041958042,0.255102040816327,0,,16,125,1052,3855,1966.25,1275.49294392403,0.00822018348623853
396587,UBI_Only,4,167,FALSE,1,4,0.75,1,4,90,18,159,0,4434,1108.5,2217,0.0139233716475096
396588,UBI_Only,4,200,TRUE,4,"1,2,3,4",0.226864966949953,0.267857142857143,0,,18,91,2137,6037,3971.25,1944.58262445527,0.00906796116504854
396589,UBI_Only,4,200,TRUE,4,"1,2,3,4",0.195677799607073,0.316326530612245,0,,8,158,723,1937,1272.5,519.16760299541,0.00949206349206349
396590,UBI_Only,4,200,TRUE,4,"1,2,3,4",0.236534351145038,0.26530612244898,0,,10,88,1360,6007,4093.75,2055.47048547691,0.0141529051987768
396591,UBI_Only,4,200,TRUE,4,"1,2,3,4",0.313267108167771,0.252551020408163,0,,8,81,1223,5167,2831.25,1922.60801603794,0.00983703703703704
396592,UBI_Only,4,200,TRUE,4,"1,2,3,4",0.377342158859471,0.306122448979592,0,,4,120,904,5534,2455,2120.341639139,0.0137101449275362
396593,UBI_Only,4,200,TRUE,4,"1,2,3,4",0.270211299954065,0.321428571428571,0,,10,123,1492,5328,2721.25,1759.54338300215,0.0106788990825688
396594,UBI_Only,4,200,TRUE,2,"1,2",0.533038657476776,0.506172839506173,3,91,7,214,0,1889,834.25,979.988562858431,0.0111555555555556
396595,UBI_Only,4,200,TRUE,3,"1,3,4",0.308615384615385,0.349489795918367,1,85,6,142,0,2653,1625,1136.91483116957,0.0118947368421053
396596,UBI_Only,4,200,TRUE,4,"1,2,3,4",0.335611854684512,0.259259259259259,0,,10,133,1142,5242,2615,1936.83573559212,0.0131340206185567
396597,UBI_Only,4,200,TRUE,3,"1,2,3",0.256771053745239,0.344387755102041,3,143,16,171,0,1615,1181.5,788.174473070525,0.0107222222222222
396598,UBI_Only,4,200,TRUE,3,"2,3,4",0.29321651257794,0.349489795918367,1,64,12,139,0,1706,1162.75,794.938729295116,0.00853198653198653
396599,UBI_Only,4,200,TRUE,4,"1,2,3,4",0.242710280373832,0.252551020408163,0,,14,175,1211,3688,2006.25,1142.86872241158,0.0102376237623762
396600,UBI_Only,4,200,TRUE,4,"1,2,3,4",0.0855899419729207,0.262755102040816,0,,10,143,987,1570,1292.5,238.711122489087,0.0128190476190476
396601,UBI_Only,4,200,TRUE,4,"1,2,3,4",0.313426081126383,0.318877551020408,0,,8,88,1612,6744,3728.75,2544.98976749744,0.0121272727272727
396602,UBI_Only,4,200,TRUE,3,"1,3,4",0.385462668172949,0.339285714285714,2,165,8,75,0,4213,2434.25,2010.16605864623,0.00836015325670498
396603,UBI_Only,4,200,TRUE,4,"1,2,3,4",0.0710040983606557,0.262755102040816,0,,12,159,1088,1527,1220,207.658373296142,0.0104271844660194
396604,UBI_Only,4,200,TRUE,4,"1,2,3,4",0.192832419959619,0.334183673469388,0,,6,66,2434,6603,4333.75,1751.19566296859,0.0095
396605,UBI_Only,4,200,TRUE,4,"1,2,3,4",0.241131782945736,0.262002743484225,0,,8,99,1576,5982,4031.25,2056.45737049584,0.0145429553264605
396606,UBI_Only,4,200,TRUE,3,"1,2,3",0.415560916767189,0.479591836734694,1,171,12,140,0,3079,1658,1459.79153762903,0.0116993464052288
396607,UBI_Only,4,200,TRUE,4,"1,2,3,4",0.208922558922559,0.252551020408163,0,,14,125,1308,3780,2598.75,1136.53020930667,0.00866060606060606
396608,UBI_Only,4,200,TRUE,4,"1,2,3,4",0.416983491745873,0.262755102040816,0,,6,131,950,6381,2498.75,2599.00909001873,0.0135746031746032
396609,UBI_Only,4,200,TRUE,3,"1,2,4",0.384592944978009,0.354591836734694,2,122,16,135,0,4802,2785.25,2298.90109617617,0.0146190476190476
396610,UBI_Only,4,200,TRUE,4,"1,2,3,4",0.144128611369991,0.283163265306122,0,,14,58,1734,4809,4023.75,1526.7384353582,0.0111521739130435
396611,UBI_Only,4,200,TRUE,3,"2,3,4",0.455469943079273,0.333333333333333,1,68,10,144,0,4247,1800.75,1780.27495535568,0.012037037037037
396612,UBI_Only,4,200,TRUE,4,"1,2,3,4",0.363991769547325,0.260204081632653,0,,8,132,1150,5776,2430,2236.5026268708,0.0101946902654867
396613,UBI_Only,4,200,TRUE,4,"1,2,3,4",0.323651191969887,0.267857142857143,0,,6,123,1233,5690,2988.75,2085.18686213011,0.00886060606060606
396614,UBI_Only,4,200,TRUE,4,"1,2,3,4",0.0750460405156537,0.262755102040816,0,,12,194,1027,1544,1357.5,229.129512139605,0.00897859327217125
396615,UBI_Only,4,200,TRUE,4,"1,2,3,4",0.24798213695005,0.25765306122449,0,,3,113,1492,5626,3778.75,2007.88269494676,0.0100175438596491
396616,UBI_Only,4,200,TRUE,4,"1,2,3,4",0.338575723412251,0.25765306122449,0,,6,98,1138,6168,3326.25,2406.03634982239,0.00973333333333333
396617,UBI_Only,4,200,TRUE,2,"2,4",0.581610576923077,0.606508875739645,4,50,10,164,0,2759,1040,1322.68439168231,0.0109218106995885
396618,UBI_Only,4,200,TRUE,4,"1,2,3,4",0.346134282807731,0.272959183673469,0,,12,132,1194,5612,2457.5,2113.3394584559,0.00745794392523365
396619,UBI_Only,4,200,TRUE,4,"1,2,3,4",0.289502630320421,0.252551020408163,0,,8,97,1198,4659,2613.75,1619.83731178988,0.0110064102564103
396620,UBI_Only,4,200,TRUE,4,"1,2,3,4",0.241510611735331,0.252551020408163,0,,8,128,1336,3874,2002.5,1249.05764478666,0.00694389438943894
396621,UBI_Only,4,200,TRUE,3,"1,2,3",0.306757189778098,0.60969387755102,1,183,8,94,0,5105,3120.75,2184.95970595951,0.0144604810996564
396622,UBI_Only,4,200,TRUE,4,"1,2,3,4",0.259918276374443,0.301020408163265,0,,4,126,1614,5244,3365,1951.2595931859,0.0091764705882353
396623,UBI_Only,4,200,TRUE,4,"1,2,3,4",0.328133514986376,0.267857142857143,0,,0,96,1237,6214,3670,2695.82207622585,0.0102857142857143
396624,UBI_Only,4,200,TRUE,2,"1,2",0.627744296168747,0.5,2,175,12,123,0,5265,1742.25,2482.07579457196,0.00942176870748299
396625,UBI_Only,4,200,TRUE,4,"1,2,3,4",0.20190031152648,0.267857142857143,0,,16,120,1009,3113,2006.25,864.036795126998,0.0126258503401361
396626,UBI_Only,4,200,TRUE,4,"1,2,3,4",0.406679729248308,0.260204081632653,0,,6,108,1104,8275,3508.75,3273.98150829638,0.0158111111111111
396627,UBI_Only,4,200,TRUE,3,"1,2,4",0.527771069789906,0.347222222222222,1,182,6,121,0,5658,2070.5,2479.10071060724,0.0111602564102564
396628,UBI_Only,4,200,TRUE,4,"1,2,3,4",0.102134146341463,0.283163265306122,0,,14,195,960,1605,1230,271.937492817743,0.00908843537414966
396629,UBI_Only,4,200,TRUE,3,"1,2,4",0.381870385561936,0.428571428571429,1,150,6,192,0,3177,1828.5,1485.87852800961,0.012258064516129
396630,UBI_Only,4,200,TRUE,4,"1,2,3,4",0.392448173741362,0.278463648834019,0,,8,144,803,6046,2532.5,2376.42203042024,0.00858064516129032
396631,UBI_Only,4,200,TRUE,4,"1,2,3,4",0.250399733510993,0.283163265306122,0,,14,156,945,3418,1876.25,1070.10540758064,0.0103301587301587
396632,UBI_Only,4,200,TRUE,4,"1,2,3,4",0.362182116488925,0.25765306122449,0,,0,108,968,6320,3047.5,2382.6881877409,0.00807260726072607
396633,UBI_Only,4,200,TRUE,4,"1,2,3,4",0.260926517571885,0.260204081632653,0,,4,172,1128,3715,1956.25,1196.45765352003,0.00948076923076923
396634,UBI_Only,4,200,TRUE,4,"1,2,3,4",0.2322573561704,0.25765306122449,0,,20,105,1469,4904,2846.25,1460.55751341739,0.00938
